Start Name,Start Num
Eads St & 15th St S,31000
18th St & S Eads St,31001
18th & Eads St.,31001
Crystal Dr & 20th St S,31002
Crystal Dr & 15th St S,31003
Aurora Hills Community Ctr/18th & Hayes St,31004
Aurora Hills Cmty Ctr / 18th St & S Hayes St,31004
Pentagon City Metro / 12th St & S Hayes St,31005
Pentagon City Metro / 12th & S Hayes St,31005
S Joyce & Army Navy Dr,31006
Army Navy Dr & S Joyce St,31006
Crystal City Metro / 18th St & S Bell St,31007
Crystal City Metro / 18th & Bell St,31007
12th & Army Navy Dr,31008
Crystal Dr & 27th St S,31009
S Glebe & Potomac Ave,31010
S Glebe Rd & Potomac Ave,31010
Crystal Dr & 23rd St S,31011
Clark St & 26th St S,31012
26th & S Clark St,31012
Eads St & 22nd St S,31013
Eads & 22nd St S,31013
Lynn & 19th St North,31014
Lynn St & 19th St North,31014
Rosslyn Metro / Wilson Blvd & Ft Myer Dr,31015
Clarendon Blvd & Pierce St,31016
Wilson Blvd & N Uhle St,31017
N Rhodes & 16th St N,31018
Rhodes St & 16th St N,31018
Wilson Blvd & N Edgewood St,31019
Wilson Blvd & Franklin Rd,31020
Wilson Blvd & N Franklin Rd,31020
Clarendon Blvd & N Fillmore St,31021
Clarendon Metro / Wilson Blvd & N Highland St,31022
Fairfax Dr & Wilson Blvd,31023
Virginia Square Metro / Monroe St & 9th St N,31024
Virginia Square Metro / N Monroe St & 9th St N,31024
Central Library / Quincy St & 10th St N,31025
Central Library / N Quincy St & 10th St N,31025
Washington Blvd & 10th St N,31026
Key Blvd & N Quinn St,31027
N Veitch & Key Blvd,31028
N Veitch St & Key Blvd,31028
N Veitch  & 20th St N,31029
N Veitch St & 20th St N,31029
Lee Hwy & N Adams St,31030
15th & N Scott St,31031
15th St & N Scott St,31031
Washington Blvd & 7th St N,31032
Barcroft Community Center,31033
N Randolph St & Fairfax Dr,31034
Fairfax Dr & N Randolph St,31034
N Quincy St & Glebe Rd,31035
George Mason Dr & Wilson Blvd,31036
Ballston Metro / N Stuart & 9th St N,31037
Ballston Metro / Stuart St & 9th St N,31037
Glebe Rd & 11th St N,31038
Wilson Blvd & N Quincy St,31039
GMU / Fairfax Dr & Kenmore St,31040
Prince St & Union St,31041
Market Square / King St & Royal St,31042
Saint Asaph St & Pendleton  St,31043
King St & Patrick St,31044
Commerce St & Fayette St,31045
Henry St & Pendleton St,31046
Braddock Rd Metro,31047
King St Metro South,31048
Utah St & 11th St N ,31049
Barton St & 10th St N,31050
Arlington Blvd & N Queen St,31051
Potomac Ave & 35th St S,31052
Columbia Pike & S Courthouse Rd,31053
Walter Reed Community Center / Walter Reed Dr & 16th St S,31054
Walter Reed Dr & 16th St S,31054
28th St & S Meade St,31055
28th St S & S Meade St,31055
S Troy St & 26th St S,31056
Troy St & 26th St S,31056
Four Mile Run Dr & S Shirlington Rd,31057
S Four Mile Run Dr & S Shirlington Rd,31057
Columbia Pike & S Oakland St,31058
S Oakland St & Columbia Pike,31058
Four Mile Run Dr & S Walter Reed Dr,31059
S Four Mile Run & Walter Reed Dr,31059
S Arlington Mill Dr & Campbell Ave,31060
Kenmore St & 24th St S,31061
S Kenmore & 24th St S,31061
Roosevelt Island,31062
S George Mason Dr & Four Mile Run,31063
S George Mason & Four Mile Run Dr,31063
Gravelly Point,31064
Pershing Dr & Wayne St,31065
N Pershing Dr & Wayne St,31065
Columbia Pike & S Orme St,31066
Columbia Pike & S Walter Reed Dr,31067
Arlington Mill Cmty Center / Columbia Pike & S Dinwiddie St,31068
Columbia Pike & S Dinwiddie St / Arlington Mill Community Center,31068
Pershing & N George Mason Dr,31069
Pershing Dr & N George Mason Dr,31069
Arlington Blvd & Fillmore St,31070
Eads St & 12th St S,31071
31st & Woodrow St S,31072
31st St & S Woodrow St,31072
Washington Blvd & Walter Reed Dr ,31073
TJ Cmty Ctr / 2nd St & S Old Glebe Rd,31074
Rolfe St & 9th St S,31075
Shirlington Transit Center / S Quincy & Randolph St,31076
Shirlington Transit Center / Quincy St & Randolph St,31076
Iwo Jima Memorial / Meade & 14th St N,31077
Iwo Jima Memorial/N Meade & 14th St N,31077
Arlington Blvd & S George Mason Dr,31078
Arlington Blvd & S George Mason Dr/NFATC,31078
Lee Hwy & N Cleveland St,31079
Lee Hwy & N Scott St,31080
Duke St & John Carlyle St,31081
Eisenhower Ave & Mill Race Ln,31082
Potomac Greens Dr & Slaters Ln,31083
Ballenger Ave & Dulaney St,31084
Mount Vernon Ave & E Nelson Ave,31085
Mount Vernon Ave & E Del Ray Ave,31086
Monroe Ave & Leslie Ave,31087
Mount Vernon Ave & Kennedy St,31088
Court House Metro / 15th & N Uhle St ,31089
Court House Metro / 15th St & N Uhle St,31089
Long Bridge Dr & 6th St S,31090
Long Bridge Park / Long Bridge Dr & 6th St S,31090
S Joyce & 16th St S,31091
Joyce St & 16th St S,31091
Lee Hwy & N Monroe St,31092
21st St & N Pierce St,31093
21st St N & N Pierce St,31093
Lee Hwy & N Kirkwood Rd,31094
Army Navy Dr & S Nash St,31095
Walter Reed Dr & 8th St S,31096
S Walter Reed Dr & 8th St S,31096
Saint Asaph St & Madison St,31097
Saint Asaph & Madison St,31097
King St Metro North / Cameron St,31098
Madison & N Henry St,31099
Madison St & N Henry St,31099
19th St & Pennsylvania Ave NW,31100
14th & V St NW,31101
14th & U St NW,31101
11th & Kenyon St NW,31102
16th & Harvard St NW,31103
Adams Mill & Columbia Rd NW,31104
14th & Harvard St NW,31105
Calvert & Biltmore St NW,31106
Lamont & Mt Pleasant NW,31107
4th & M St SW,31108
7th & T St NW,31109
20th St & Florida Ave NW,31110
10th & U St NW,31111
Harvard St & Adams Mill Rd NW,31112
Columbia Rd & Belmont St NW,31113
18th St & Wyoming Ave NW,31114
Columbia Rd & Georgia Ave NW,31115
California St & Florida Ave NW,31116
15th & Euclid St  NW,31117
3rd & Elm St NW,31118
14th & Belmont St NW,31119
10th & Florida Ave NW,31120
Calvert St & Woodley Pl NW,31121
16th & Irving St NW,31122
14th & Girard St NW,31123
14th & Irving St NW,31124
15th & W St NW,31125
11th & Girard St NW,31126
22nd & H St NW,31127
23rd & M St NW,31128
15th St & Pennsylvania Ave NW,31129
15th St & Pennsylvania Ave NW/Pershing Park,31129
7th & S St NW,31130
14th & Otis Pl NW,31131
Massachusetts Ave & Dupont Circle NW,31200
15th & P St NW,31201
14th & R St NW,31202
14th & Rhode Island Ave NW,31203
20th & E St NW,31204
21st & I St NW,31205
19th & E Street NW,31206
Georgia Ave and Fairmont St NW,31207
M St & New Jersey Ave SE,31208
1st & N St  SE,31209
Kennedy Center,31211
21st & M St NW,31212
17th & K St NW,31213
17th & Corcoran St NW,31214
Georgetown Harbor / 30th St NW,31215
14th St & New York Ave NW,31216
USDA / 12th & C St SW,31217
L'Enfant Plaza / 7th & C St SW,31218
10th St & Constitution Ave NW,31219
US Dept of State / Virginia Ave & 21st St NW,31220
18th & M St NW,31221
New York Ave & 15th St NW,31222
Convention Center / 7th & M St NW,31223
19th & L St NW,31224
18th & L St NW,31224
C & O Canal & Wisconsin Ave NW,31225
34th St & Wisconsin Ave NW,31226
13th St & New York Ave NW,31227
8th & H St NW,31228
New Hampshire Ave & T St NW,31229
Metro Center / 12th & G St NW,31230
14th & D St NW / Ronald Reagan Building,31231
7th & F St NW / National Portrait Gallery,31232
17th & K St NW / Farragut Square,31233
20th & O St NW / Dupont South,31234
19th St & Constitution Ave NW,31235
37th & O St NW / Georgetown University,31236
25th St & Pennsylvania Ave NW,31237
14th & G St NW,31238
Rhode Island & Connecticut Ave NW,31239
Ohio Dr & West Basin Dr SW / MLK & FDR Memorials,31240
Thomas Circle,31241
18th St & Pennsylvania Ave NW,31242
4th & C St SW,31243
4th & E St SW,31244
7th & R St NW / Shaw Library,31245
M St & Pennsylvania Ave NW,31246
Jefferson Dr & 14th St SW,31247
Smithsonian-National Mall / Jefferson Dr & 12th St SW,31248
Jefferson Memorial,31249
20th & L St NW,31250
12th & L St NW,31251
21st St & Pennsylvania Ave NW,31252
19th & K St NW,31253
15th & K St NW,31254
24th & N St NW,31255
10th & E St NW,31256
22nd & I St NW / Foggy Bottom,31257
Lincoln Memorial,31258
20th St & Virginia Ave NW,31259
23rd & E St NW ,31260
21st St & Constitution Ave NW,31261
11th & F St NW,31262
10th & K St NW,31263
6th St & Indiana Ave NW,31264
5th St & Massachusetts Ave NW,31265
11th & M St NW,31266
17th St & Massachusetts Ave NW,31267
12th & U St NW,31268
3rd St & Pennsylvania Ave SE,31269
8th & D St NW,31270
Constitution Ave & 2nd St NW/DOL,31271
Washington & Independence Ave SW/HHS,31272
Hains Point/Buckeye & Ohio Dr SW,31273
10th & G St NW,31274
New Hampshire Ave & 24th St NW,31275
15th & L St NW,31276
17th & G St NW,31277
18th & R St NW,31278
19th & G St NW,31279
11th & S St NW,31280
8th & O St NW,31281
16th & R St NW,31282
14th & L St NW,31283
18th & C St NW,31284
22nd & P ST NW,31285
11th & O St NW,31286
10th St & L'Enfant Plaza SW,31287
4th St & Madison Dr NW,31288
Henry Bacon Dr & Lincoln Memorial Circle NW,31289
17th St & Independence Ave SW,31290
Vermont Ave & I St NW,31291
22nd St & Constitution Ave NW,31292
31st & Water St NW,31293
7th & E St SW,31294
Potomac & M St NW,31295
Columbia & Ontario Rd NW,31296
Virginia Ave & 25th St NW,31297
15th & M St NW,31298
Connecticut Ave & R St NW,31299
Van Ness Metro / UDC,31300
Ward Circle / American University,31301
Wisconsin Ave & Newark St NW,31302
Tenleytown / Wisconsin Ave & Albemarle St NW,31303
36th & Calvert St NW / Glover Park,31304
Connecticut Ave & Newark St NW / Cleveland Park,31305
39th & Calvert St NW / Stoddert,31306
3000 Connecticut Ave NW / National Zoo,31307
39th & Veazey St NW,31308
Fessenden St & Wisconsin Ave NW,31309
Connecticut & Nebraska Ave NW,31310
Wisconsin Ave & O St NW,31312
Connecticut Ave & Tilden St NW,31313
34th & Water St NW,31314
Connecticut Ave & McKinley St NW,31315
McKinley St & Connecticut Ave NW,31315
Yuma St & Tenley Circle NW,31316
Wisconsin Ave & Ingomar St NW,31317
Connecticut Ave & Yuma St NW,31318
Wisconsin Ave & Brandywine St NW,31319
American University East Campus,31320
Nebraska Ave/AU East Campus,31320
15th St & Constitution Ave NW,31321
48th Pl & MacArthur Blvd NW,31322
Woodley Park Metro / Calvert St & Connecticut Ave NW,31323
18th & New Hampshire Ave NW,31324
Georgia & New Hampshire Ave NW,31400
14th St & Spring Rd NW,31401
14th St Heights / 14th & Crittenden St NW,31402
5th & Kennedy St NW,31403
9th & Upshur St NW,31404
Georgia Ave & Emerson St NW,31405
14th & Upshur St NW,31406
14th St & Colorado Ave NW,31407
Takoma Metro,31408
Georgia & Missouri Ave NW,31411
3rd St & Riggs Rd NE,31412
3rd & Underwood St NW,31413
Georgia Ave & Piney Branch Rd NW,31414
Georgia Ave & Kennedy St NW,31415
14th & Luzon St NW,31416
Kansas Ave & Sherman Cr NW,31417
New Hampshire & Gallatin St NW,31418
Georgia Ave & Morton St NW,31419
17th & Upshur St NW,31420
4th & W St NE,31500
12th & Newton St NE,31501
John McCormack Dr & Michigan Ave NE,31502
Florida Ave & R St NW,31503
10th & Monroe St NE,31504
Eckington Pl & Q St NE,31505
1st & Rhode Island Ave NW,31506
1st & Washington Hospital Center NW,31507
Gallaudet / 8th St & Florida Ave NE,31508
New Jersey Ave & R St NW,31509
18th St & Rhode Island Ave NE,31510
12th & Irving St NE,31511
Neal St & Trinidad Ave NE,31512
Rhode Island Ave & V St NE,31513
Hamlin & 7th St NE,31514
Fort Totten Metro,31515
Rhode Island Ave Metro,31516
Union Market,31517
Union Market/6th St & Neal Pl NE,31517
New York Ave & Hecht Ave NE,31518
1st & O St NW,31519
24th & R St NE / National Arboretum,31520
18th & Monroe St NE,31521
2nd St & Seaton Pl NE,31522
Lincoln Rd & Seaton Pl NE/Harry Thomas Rec Center,31523
Montello Ave & Holbrook Terr NE,31524
Trinidad Rec Center,31525
Rhode Island Ave & Montana Ave NE,31526
Rhode Island & Montana Ave NE,31526
North Capitol & R St NE,31527
John McCormack Rd NE,31528
Edgewood Rec Center,31529
5th & K St NW,31600
19th & East Capitol St SE,31601
Park Rd & Holmead Pl NW,31602
1st & M St NE,31603
3rd & H St NW,31604
3rd & D St SE,31605
Potomac & Pennsylvania Ave SE,31606
13th & E St SE,31607
8th & Eye St SE / Barracks Row,31608
Maine Ave & 7th St SW,31609
Eastern Market / 7th & North Carolina Ave SE,31610
13th & H St NE,31611
D St & Maryland Ave NE,31612
Eastern Market Metro / Pennsylvania Ave & 7th St SE,31613
11th & H St NE,31614
6th & H St NE,31615
3rd & H St NE,31616
Bladensburg Rd & Benning Rd NE,31617
4th & East Capitol St NE,31618
Lincoln Park / 13th & East Capitol St NE ,31619
5th & F St NW,31620
4th & D St NW / Judiciary Square,31621
13th & D St NE,31622
Columbus Circle / Union Station,31623
North Capitol St & F St NW,31624
3rd & G St SE,31625
15th St & Massachusetts Ave SE,31626
3rd & M St NE,31627
1st & K St SE,31628
8th & East Capitol St NE,31629
15th & East Capitol St NE,31630
8th & F St NE,31631
15th & F St NE,31632
Independence Ave & L'Enfant Plaza SW/DOE,31633
3rd & Tingey St SE,31634
Potomac Ave & 8th St SE,31635
New Jersey Ave & N St NW/Dunbar HS,31636
North Capitol St & G Pl NE,31637
1st & H St NW,31638
2nd & G St NE,31639
Maryland Ave & E St NE,31640
2nd St & Massachusetts Ave NE,31641
New Jersey Ave & L St NW,31642
4th St & K St NW,31642
1st & D St SE,31643
12th St & Pennsylvania Ave SE,31644
6th & K St NE,31645
Maine Ave & 9th St SW,31646
7th St & Massachusetts Ave NE,31647
Potomac Ave & Half St SW,31648
14th & Newton St NW,31649
1st & M St SE,31650
11th & Park Rd NW,31651
4th & M St SE,31652
7th & K St NW,31653
King Greenleaf Rec Center,31654
New Jersey Ave & F St NW,31655
Maryland Ave & 17th St NE,31656
Massachusetts Ave & 6th St NE,31657
Rosedale Rec Center / 17th & Gales St NE,31658
Rosedale Rec Center,31658
11th & C St SE,31659
8th & K St NE,31660
Good Hope & Naylor Rd SE,31700
Branch & Pennsylvania Ave SE,31701
Randle Circle & Minnesota Ave SE,31702
Minnesota Ave Metro/DOES,31703
Nannie Helen Burroughs & Minnesota Ave NE,31704
Benning Branch Library,31705
Fairfax Village,31706
Benning Rd & East Capitol St NE / Benning Rd Metro,31707
Anacostia Ave & Benning Rd NE / River Terrace ,31708
Nannie Helen Burroughs Ave & 49th St NE,31710
Deanwood Rec Center,31711
Oklahoma Ave & D St NE,31712
Division Ave & Foote St NE,31713
61st St & Banks Pl NE,31714
37th & Ely Pl SE,31715
37th & Ely Pl SE / Fort Dupont Ice Arena,31715
Kingman Island/The Fields at RFK,31716
Kenilworth Terrace & Hayes St. NE,31717
Alabama & MLK Ave SE,31800
Anacostia Metro,31801
Good Hope Rd & MLK Ave SE,31802
Good Hope Rd & 14th St SE,31803
Anacostia Library,31804
Pennsylvania & Minnesota Ave SE,31805
Congress Heights Metro,31806
Pleasant St & MLK Ave SE,31807
South Capitol & Atlantic St SW,31811
16th & Q St SE / Anacostia HS,31812
Alabama Ave & Stanton Rd SE / Shops at Park Village,31813
Mississippi Ave & 19th St SE / THEARC,31814
19th & Savannah St SE,31815
4th St & Mississippi Ave SE,31816
1st & S Capitol St SE / Oxon Run Trail,31817
Livingston Rd & 3rd St SE,31818
Joliet St & MLK Ave SW/Bald Eagle Rec Ctr,31819
Anacostia Park,31820
Stanton Square SE,31822
United Medical Center,31823
Lee Hwy & N Woodstock St,31900
Washington Blvd & N Frederick St,31901
Wilson Blvd & N Illinois St ,31902
Royal & Wilkes St,31903
Royal St & Wilkes St,31903
East Falls Church Metro/Sycamore St & 19th St N,31904
East Falls Church Metro / Sycamore St & 19th St N,31904
Kennebec St & 11th St N,31905
Commonwealth Ave & Oak St,31906
Franklin St & S Washington St,31907
Franklin & S Washington St,31907
Radford & Osage St,31908
Radford St & Osage St,31908
Mount Vernon Ave & Four Mile Run Park,31909
Potomac Ave & Main Line Blvd,31910
Mount Vernon Ave & Bruce St,31912
Commonwealth Ave & E Monroe Ave,31913
Commonwealth & E Monroe Ave,31913
Lee Center,31914
Powhatan St & Bashford Ln,31915
Potomac & Swann Ave,31916
Potomac Ave & Swann Ave,31916
N Lynn St & Fairfax Dr,31917
Madison & Fairfax St,31918
Madison St & Fairfax St,31918
Carlin Springs Rd & N Thomas St,31919
Washington-Lee High School / N Stafford St & Generals Way,31920
Washington-Liberty High School / N Stafford St & Generals Way,31920
Westover Library / Washington Blvd & N McKinley Rd,31921
Columbia Pike & S Taylor St,31923
Wilson Blvd & N Troy St,31924
Crystal Dr & Potomac Ave,31925
Norfolk Ave & Fairmont St,32000
Fenton St & New York Ave ,32001
Bethesda Ave & Arlington Rd,32002
Montgomery Ave & Waverly St ,32003
Fallsgrove Blvd & Fallsgrove Dr,32004
Traville Gateway Dr & Gudelsky Dr,32005
13th St & Eastern Ave,32006
E Montgomery Ave & Maryland Ave,32007
Cordell & Norfolk Ave,32008
Frederick Ave & Horners Ln,32009
Philadelphia & Maple Ave,32010
Maple & Ritchie Ave,32011
Silver Spring Metro / Colesville Rd & Wayne Ave,32012
Silver Spring Metro/Colesville Rd & Wayne Ave,32012
Montgomery & East Ln,32013
Friendship Hts Metro / Wisconsin Ave & Wisconsin Cir,32014
Friendship Hts Metro/Wisconsin Ave & Wisconsin Cir,32014
Crabbs Branch Way & Redland Rd,32015
Fallsgrove Dr & W Montgomery Ave,32016
Monroe St & Monroe Pl,32017
Needwood Rd & Eagles Head Ct,32018
East West Hwy & Blair Mill Rd,32019
Crabbs Branch Way & Calhoun Pl,32020
47th & Elm St,32021
Dennis & Amherst Ave,32022
Dennis Ave & Amherst Ave,32022
Montgomery College/W Campus Dr & Mannakee St,32023
Montgomery College / W Campus Dr & Mannakee St,32023
Fenton St & Gist Ave,32024
Carroll & Westmoreland Ave,32025
Carroll & Ethan Allen Ave,32026
Battery Ln & Trolley Trail,32027
Norfolk & Rugby Ave,32028
Offutt Ln & Chevy Chase Dr,32029
Broschart & Blackwell Rd,32030
Taft St & E Gude Dr,32031
Fleet St & Ritchie Pkwy,32032
Piccard & W Gude Dr,32033
Ripley & Bonifant St,32034
Silver Spring Transit Center - Top Level,32034
Georgia Ave & Spring St,32035
Fenton St & Ellsworth Dr ,32036
King Farm Blvd & Pleasant Dr,32037
King Farm Blvd & Piccard Dr,32038
Old Georgetown Rd & Southwick St,32039
Friendship Blvd & Willard Ave,32040
Medical Center Dr & Key West Ave,32041
Shady Grove Hospital,32042
Veterans Pl & Pershing Dr ,32043
Rockville Metro East,32044
Shady Grove Metro West,32045
River Rd & Landy Ln,32046
Rockville Metro West,32047
Bethesda Metro / Wisconsin Ave & Old Georgetown Rd,32048
Bethesda Metro,32048
Washington Adventist U / Flower Ave & Division St,32049
WAU / Flower Ave & Division St,32049
Spring St & Second Ave,32050
Spring St & 2nd Ave,32050
Connecticut Ave & Chevy Chase Lake Dr,32051
Key West Ave & Siesta Key Way,32052
Medical Center Metro ,32053
Lyttonsville Rd & Lyttonsville Pl,32054
Woodmont Ave & Strathmore St,32055
East West Hwy & 16th St,32056
Pooks Hill Rd & Linden Ave,32057
Sligo Ave & Carroll Ln,32058
Takoma Park Rec Center,32059
New Hampshire & Kirklynn Ave,32061
Wheaton Metro / Georgia Ave & Reedie Dr,32062
Wheaton Metro/Georgia Ave & Reedie Dr,32062
Amherst Ave & Elkins St,32063
Amherst Ave & Prichard Rd,32064
Grandview & Blueridge Ave,32065
Windham Ln & Amherst Ave,32066
Shady Grove Metro East,32067
Columbus Ave & Tribeca St,32068
Columbus Ave & Gramercy Blvd,32069
Key West Ave & Great Seneca Hwy,32070
Corporate Blvd & Omega Dr,32071
Key West Ave & Diamondback Dr,32072
Blueridge Ave & Elkin St,32073
Blueridge Ave & Elkins St,32073
Twinbrook Metro,32074
White Flint Metro,32075
Citadel Ave & McGrath Blvd,32076
Rockville Pike & Old Georgetown Rd,32077
Woodglen Dr & Executive Blvd,32078
Executive Blvd & E Jefferson St,32079
Fishers Ln & Rock Creek Mill Rd,32080
Congressional Ln & E Jefferson St,32081
Garland Ave & Walden Rd,32082
Grand Park & Rose Ave,32083
Rockville Pike & Meeting St,32083
Wheaton Library & Community Rec Center,32084
Spring Hill Metro,32200
Westpark Dr & Leesburg Pike,32201
Tysons One Pl & Chain Bridge Rd,32203
Tysons Corner Station,32204
Westpark & Jones Branch Dr,32205
Jones Branch & Westbranch Dr,32206
Westpark & Park Run Dr,32207
Tysons West Transit Center,32208
North Shore & Cameron Crescent Dr/Crescent Apartments,32209
Town Center Pkwy & Bowman Towne Dr,32210
Reston Regional Library,32211
New Dominion Pkwy & Fountain Dr,32212
Sunset Hills & Old Reston Ave,32213
Reston Town Center Transit Station,32214
Wiehle Ave & Reston Station Blvd,32215
Library St & Freedom Dr,32216
Sunset Hills Rd & Discovery Square,32217
Temporary Rd & Old Reston Ave,32218
Reston YMCA,32219
Sunset Hills Rd & Isaac Newton Square,32220
Greensboro & International Dr,32221
Towers Crescent Dr & Tysons One Pl,32222
North Shore Dr & Village Rd,32223
Town Center Pkwy & Sunset Hills Rd,32224
Reston Pkwy & Spectrum Dr,32225
Greensboro & Pinnacle Dr,32227
Campus Commons,32228
Park Run & Onyx Dr,32229
McLean Metro,32230
Dunn Loring Metro,32231
West Falls Church Metro,32232
Jones Branch Drive & Scotts Crossing Rd,32233
Merrilee Dr & Lauren Elizabeth Lane,32234
Merrifield Cinema & Merrifield Town Center,32235
1301 McCormick Dr / Wayne K. Curry Admin Bldg,32400
Largo Town Center Metro,32401
Baltimore Ave & Van Buren St / Riverdale Park Station,32402
Baltimore Ave & Jefferson St,32403
Perry & 35th St,32404
Largo Rd & Campus Way / Prince Georges's Comm Col,32405
Fleet St & Waterfront St,32406
Oxon Hill Park & Ride,32407
Oglethorpe St & 42nd Ave,32408
Southern Ave Metro,32409
Queens Chapel & Hamilton St,32410
Northwestern High School,32411
New Hampshire Ave & East-West Hwy,32412
Rhode Island Ave & 39th St / Brentwood Arts Exchange,32413
Riggs Rd & East West Hwy,32414
Tanger Outlets,32415
Chillum Rd & Riggs Rd / Riggs Plaza,32416
Hyattsville Library / Adelphi Rd & Toledo Rd,32417
West Hyattsville Metro,32418
Capitol Heights Metro,32419
Prince George's Plaza Metro,32420
Riverdale Park Town Center,32421
The Mall at Prince Georges,32422
George Mason High School / Haycock Rd & Leesburg Pike,32600
State Theatre / Park Pl & N Washington St,32601
N Oak St & W Broad St,32602
Pennsylvania Ave & Park Ave,32603
E Fairfax St & S Washington St,32604
W Broad St & Little Falls St,32605
N Roosevelt St & Roosevelt Blvd,32606
S Maple Ave & S Washington St,32607
Falls Church City Hall / Park Ave & Little Falls St,32608
W Columbia St & N Washington St,32609
